name,createdAt,tick,leftPoint,rightPoint,angleOfVector,lengthOfVector,differenceX,differenceY,meanX,meanY
shoulder,1580312658211,28,[object Object],[object Object],-0.7264680788152383,181.45453001217075,181.43994456299686,-2.300647498945807,179.28718387549992,227.4842447790618
shoulder,1580312867489,65,[object Object],[object Object],-0.5713243330855652,181.1897922307694,181.18078439808738,-1.8067023892077145,179.42824193773353,227.451999002642
